id,model,richness,connectance,complexity,distance,basal,top,S1,S2,S4,S5
during_traits,niche,54,0.09876543209876543,0.8834612341172287,3.0,10.0,1.0,371.0,77.0,471.0,579.0
post_traits,niche,53,0.08615165539337842,0.8942978304819309,2.0,10.0,11.0,281.0,123.0,468.0,565.0
pre_traits,niche,356,0.10124984219164247,0.8281998384079011,2.0,27.0,1.0,113270.0,44101.0,151382.0,258126.0
