id,model,richness,connectance,complexity,distance,basal,top,S1,S2,S4,S5
pre_size,adbm,54,0.17181069958847736,0.861074759993705,5.0,3.0,1.0,3315.0,1007.0,1641.0,1829.0
pre_size,adbm,53,0.19045923816304736,0.841675657442378,5.0,1.0,1.0,2900.0,1496.0,1912.0,2499.0
pre_size,adbm,354,0.10965080277059594,0.8140161652921437,7.0,1.0,2.0,314697.0,65241.0,301349.0,308812.0
