id,model,richness,connectance,complexity,distance,basal,top,S1,S2,S4,S5
community_1,niche,13,0.07692307692307693,0.9529191579434403,2.0,6.0,4.0,9.0,1.0,1.0,4.0
community_2,niche,10,0.13,0.9435561798340066,3.0,5.0,1.0,3.0,0.0,6.0,6.0
