id,model,richness,connectance,complexity,distance,basal,top,S1,S2,S4,S5
during_traits,pfim,54,0.14849108367626887,0.8920232322363265,2.0,41.0,0.0,30.0,73.0,13.0,1741.0
post_traits,pfim,53,0.12175151299394803,0.9173198235101108,2.0,37.0,7.0,38.0,48.0,33.0,516.0
pre_traits,pfim,356,0.05468059588435804,0.8014410726305223,2.0,324.0,22.0,40.0,178.0,19.0,49532.0
