id,model,richness,connectance,complexity,distance,basal,top,S1,S2,S4,S5
during_size,bodymassratio,54,0.0747599451303155,0.9140844264795193,3.0,7.0,5.0,667.0,104.0,379.0,378.0
post_size,bodymassratio,53,0.08365966536133855,0.9069483549309608,3.0,9.0,6.0,763.0,160.0,527.0,599.0
pre_size,bodymassratio,355,0.07089069629041857,0.903740743312024,5.0,8.0,8.0,172146.0,30615.0,109399.0,111223.0
