id,model,connectance,complexity,distance,basal,top,S1,S2,S4,S5
community_1,niche,0.0763888888888889,0.9294758207340476,2.0,5.0,6.0,2.0,0.0,4.0,2.0
community_2,niche,0.07407407407407407,0.8916712855551139,2.0,5.0,6.0,1.0,0.0,4.0,2.0
