id,model,connectance,complexity,distance,basal,top,S1,S2,S4,S5
community_1,pfim,0.0625,0.9131393314998776,2.0,8.0,5.0,0.0,0.0,0.0,0.0
community_2,pfim,0.13580246913580246,0.929968757708709,2.0,4.0,3.0,0.0,0.0,1.0,0.0
