id,model,connectance,complexity,distance,basal,top,S1,S2,S4,S5
community_1,adbm,0.28994082840236685,0.695245673720045,2.0,2.0,7.0,0.0,49.0,135.0,59.0
community_2,adbm,0.25,0.766597434513795,2.0,1.0,6.0,0.0,16.0,55.0,15.0
