id,model,richness,connectance,complexity,distance,basal,top,S1,S2,S4,S5
community_1,pfim,13,0.05917159763313609,0.9369351396894825,2.0,8.0,5.0,0.0,0.0,1.0,0.0
community_2,pfim,10,0.09,0.8514917855139792,2.0,7.0,4.0,0.0,1.0,0.0,0.0
